{
  "C": 991.9072001531299,
  "gamma": 0.0005481311644578805
}